{
	"format_version": "1.8.0",
	"animations": {
		"swim": {
			"animation_length": 1.5,
			"bones": {
				"body_front": {
					"rotation": {
						"0.0": [0, -5, 0],
						"0.375": [0, 5, 0],
						"0.7083": [0, 10, 0],
						"1.125": [0, 0, 0],
						"1.5": [0, -5, 0]
					}
				},
				"body_back": {
					"rotation": {
						"0.0": [0, -7.5, 0],
						"0.375": [0, -17.5, 0],
						"0.7083": [0, 10, 0],
						"1.125": [0, 7.5, 0],
						"1.5": [0, -7.5, 0]
					}
				},
				"head": {
					"rotation": {
						"0.0": [0, 2.5, 0],
						"0.75": [0, -2.5, 0],
						"1.5": [0, 2.5, 0]
					}
				},
				"tail": {
					"rotation": {
						"0.0": [0, -15, 0],
						"0.2083": [0, -28.75, 0],
						"0.375": [0, -27.5, 0],
						"0.7083": [0, 10, 0],
						"0.9167": [0, 25, 0],
						"1.125": [0, 15, 0],
						"1.5": [0, -15, 0]
					}
				}
			}
		},
		"idle": {
			"animation_length": 2.5,
			"bones": {
				"body_front": {
					"rotation": {
						"0.0": [0.21865, -4.99523, -2.50954],
						"0.625": [0, 5, 0],
						"1.2083": [0.44067, 9.99038, 2.53852],
						"1.875": [0, 0, 0],
						"2.5": [0.21865, -4.99523, -2.50954]
					}
				},
				"body_back": {
					"rotation": {
						"0.0": [0, -7.5, 0],
						"0.625": [0, -17.5, 0],
						"1.2083": [0, 10, 0],
						"1.875": [0, 7.5, 0],
						"2.5": [0, -7.5, 0]
					}
				},
				"head": {
					"rotation": {
						"0.0": [0, 2.5, 0],
						"1.2083": [0, -2.5, 0],
						"2.5": [0, 2.5, 0]
					}
				},
				"tail": {
					"rotation": {
						"0.0": [0, -15, 0],
						"0.3333": [0, -28.75, 0],
						"0.625": [0, -27.5, 0],
						"1.2083": [0, 10, 0],
						"1.5417": [0, 25, 0],
						"1.875": [0, 15, 0],
						"2.5": [0, -15, 0]
					}
				}
			}
		},
		"swim_sprint": {
			"animation_length": 0.75,
			"bones": {
				"body_front": {
					"rotation": {
						"0.0": [0.21865, -4.99523, -2.50954],
						"0.1667": [0, 5, 0],
						"0.375": [0.44067, 9.99038, 2.53852],
						"0.5417": [0, 0, 0],
						"0.75": [0.21865, -4.99523, -2.50954]
					}
				},
				"body_back": {
					"rotation": {
						"0.0": [0, -7.5, 0],
						"0.1667": [0, -17.5, 0],
						"0.375": [0, 10, 0],
						"0.5417": [0, 7.5, 0],
						"0.75": [0, -7.5, 0]
					}
				},
				"head": {
					"rotation": {
						"0.0": [0, 2.5, 0],
						"0.375": [0, -2.5, 0],
						"0.75": [0, 2.5, 0]
					}
				},
				"tail": {
					"rotation": {
						"0.0": [0, -15, 0],
						"0.0833": [0, -28.75, 0],
						"0.1667": [0, -27.5, 0],
						"0.375": [0, 10, 0],
						"0.4583": [0, 25, 0],
						"0.5417": [0, 15, 0],
						"0.75": [0, -15, 0]
					}
				}
			}
		}
	}
}